step,clusters_mean,clusters_std,clusters_min,clusters_max,switch_rate_mean,switch_rate_std,switch_rate_min,switch_rate_max,distance_mean,distance_std,distance_min,distance_max,mix_deviation_mean,mix_deviation_std,mix_deviation_min,mix_deviation_max,share_mean,share_std,share_min,share_max,ghetto_rate_mean,ghetto_rate_std,ghetto_rate_min,ghetto_rate_max
0,28.011111111111113,4.139408969494207,18,35,0.5078245032760271,0.0420409161345232,0.3782051282051282,0.5921052631578947,1.1520833333333333,0.05483152183294619,1.025,1.35,0.1716925607795861,0.01975386404686407,0.1343452380952381,0.2175148809523809,0.48714912205183697,0.03358230680514318,0.4225352112676056,0.5700934579439252,2.533333333333333,1.9898619454117292,0,9
1,28.011111111111113,4.139408969494207,18,35,0.5078245032760271,0.0420409161345232,0.3782051282051282,0.5921052631578947,1.1520833333333333,0.05483152183294619,1.025,1.35,0.1716925607795861,0.01975386404686407,0.1343452380952381,0.2175148809523809,0.48714912205183697,0.03358230680514318,0.4225352112676056,0.5700934579439252,2.533333333333333,1.9898619454117292,0,9
2,28.011111111111113,4.139408969494207,18,35,0.5078245032760271,0.0420409161345232,0.3782051282051282,0.5921052631578947,1.1520833333333333,0.05483152183294619,1.025,1.35,0.1716925607795861,0.01975386404686407,0.1343452380952381,0.2175148809523809,0.48714912205183697,0.03358230680514318,0.4225352112676056,0.5700934579439252,2.533333333333333,1.9898619454117292,0,9
3,28.011111111111113,4.139408969494207,18,35,0.5078245032760271,0.0420409161345232,0.3782051282051282,0.5921052631578947,1.1520833333333333,0.05483152183294619,1.025,1.35,0.1716925607795861,0.01975386404686407,0.1343452380952381,0.2175148809523809,0.48714912205183697,0.03358230680514318,0.4225352112676056,0.5700934579439252,2.533333333333333,1.9898619454117292,0,9
4,28.011111111111113,4.139408969494207,18,35,0.5078245032760271,0.0420409161345232,0.3782051282051282,0.5921052631578947,1.1520833333333333,0.05483152183294619,1.025,1.35,0.1716925607795861,0.01975386404686407,0.1343452380952381,0.2175148809523809,0.48714912205183697,0.03358230680514318,0.4225352112676056,0.5700934579439252,2.533333333333333,1.9898619454117292,0,9
