step,clusters_mean,clusters_std,clusters_min,clusters_max,switch_rate_mean,switch_rate_std,switch_rate_min,switch_rate_max,distance_mean,distance_std,distance_min,distance_max,mix_deviation_mean,mix_deviation_std,mix_deviation_min,mix_deviation_max,share_mean,share_std,share_min,share_max,ghetto_rate_mean,ghetto_rate_std,ghetto_rate_min,ghetto_rate_max
0,26.6,3.025814858109392,22,31,0.5130400182276385,0.037068701090488536,0.4394904458598726,0.5882352941176471,1.16875,0.05535554273161016,1.0875,1.2875,0.17434374999999996,0.0182498141219692,0.1489136904761904,0.2079464285714286,0.500247611703327,0.029791698515762386,0.4608294930875576,0.5486725663716814,3.4,3.2041639575194445,0,11
1,26.6,3.025814858109392,22,31,0.5130400182276385,0.037068701090488536,0.4394904458598726,0.5882352941176471,1.16875,0.05535554273161016,1.0875,1.2875,0.17434374999999996,0.0182498141219692,0.1489136904761904,0.2079464285714286,0.500247611703327,0.029791698515762386,0.4608294930875576,0.5486725663716814,3.4,3.2041639575194445,0,11
2,26.6,3.025814858109392,22,31,0.5130400182276385,0.037068701090488536,0.4394904458598726,0.5882352941176471,1.16875,0.05535554273161016,1.0875,1.2875,0.17434374999999996,0.0182498141219692,0.1489136904761904,0.2079464285714286,0.500247611703327,0.029791698515762386,0.4608294930875576,0.5486725663716814,3.4,3.2041639575194445,0,11
3,26.6,3.025814858109392,22,31,0.5130400182276385,0.037068701090488536,0.4394904458598726,0.5882352941176471,1.16875,0.05535554273161016,1.0875,1.2875,0.17434374999999996,0.0182498141219692,0.1489136904761904,0.2079464285714286,0.500247611703327,0.029791698515762386,0.4608294930875576,0.5486725663716814,3.4,3.2041639575194445,0,11
4,26.6,3.025814858109392,22,31,0.5130400182276385,0.037068701090488536,0.4394904458598726,0.5882352941176471,1.16875,0.05535554273161016,1.0875,1.2875,0.17434374999999996,0.0182498141219692,0.1489136904761904,0.2079464285714286,0.500247611703327,0.029791698515762386,0.4608294930875576,0.5486725663716814,3.4,3.2041639575194445,0,11
5,23.0,,23,23,0.5066666666666667,,0.5066666666666667,0.5066666666666667,1.1875,,1.1875,1.1875,0.1959821428571428,,0.1959821428571428,0.1959821428571428,0.5162790697674419,,0.5162790697674419,0.5162790697674419,6.0,,6,6
