step,clusters_mean,clusters_std,clusters_min,clusters_max,switch_rate_mean,switch_rate_std,switch_rate_min,switch_rate_max,distance_mean,distance_std,distance_min,distance_max,mix_deviation_mean,mix_deviation_std,mix_deviation_min,mix_deviation_max,share_mean,share_std,share_min,share_max,ghetto_rate_mean,ghetto_rate_std,ghetto_rate_min,ghetto_rate_max
0,27.6,4.42718872423573,22,38,0.5097351625509746,0.04914528167796298,0.4125874125874126,0.5774647887323944,1.1525,0.034258007985157504,1.075,1.2,0.17651785714285714,0.012114756688313298,0.15507440476190476,0.2018452380952381,0.48066293232028184,0.021249126405378658,0.4469026548672566,0.5022026431718062,3.5,1.5811388300841898,1,7
1,27.6,4.42718872423573,22,38,0.5097351625509746,0.04914528167796298,0.4125874125874126,0.5774647887323944,1.1525,0.034258007985157504,1.075,1.2,0.17651785714285714,0.012114756688313298,0.15507440476190476,0.2018452380952381,0.48066293232028184,0.021249126405378658,0.4469026548672566,0.5022026431718062,3.5,1.5811388300841898,1,7
2,27.6,4.42718872423573,22,38,0.5097351625509746,0.04914528167796298,0.4125874125874126,0.5774647887323944,1.1525,0.034258007985157504,1.075,1.2,0.17651785714285714,0.012114756688313298,0.15507440476190476,0.2018452380952381,0.48066293232028184,0.021249126405378658,0.4469026548672566,0.5022026431718062,3.5,1.5811388300841898,1,7
3,27.6,4.42718872423573,22,38,0.5097351625509746,0.04914528167796298,0.4125874125874126,0.5774647887323944,1.1525,0.034258007985157504,1.075,1.2,0.17651785714285714,0.012114756688313298,0.15507440476190476,0.2018452380952381,0.48066293232028184,0.021249126405378658,0.4469026548672566,0.5022026431718062,3.5,1.5811388300841898,1,7
4,27.6,4.42718872423573,22,38,0.5097351625509746,0.04914528167796298,0.4125874125874126,0.5774647887323944,1.1525,0.034258007985157504,1.075,1.2,0.17651785714285714,0.012114756688313298,0.15507440476190476,0.2018452380952381,0.48066293232028184,0.021249126405378658,0.4469026548672566,0.5022026431718062,3.5,1.5811388300841898,1,7
