step,clusters_mean,clusters_std,clusters_min,clusters_max,switch_rate_mean,switch_rate_std,switch_rate_min,switch_rate_max,distance_mean,distance_std,distance_min,distance_max,mix_deviation_mean,mix_deviation_std,mix_deviation_min,mix_deviation_max,share_mean,share_std,share_min,share_max,ghetto_rate_mean,ghetto_rate_std,ghetto_rate_min,ghetto_rate_max
0,26.1,4.817791102892602,21,35,0.4988248934953584,0.04488186117319711,0.42,0.5684931506849316,1.17375,0.04581439002467823,1.0875,1.2375,0.17271726190476192,0.021441515096132135,0.13949404761904763,0.2027529761904762,0.5062235567777715,0.03458230587142824,0.4590909090909091,0.5700934579439252,2.8,1.6193277068654826,1,6
1,26.1,4.817791102892602,21,35,0.4988248934953584,0.04488186117319711,0.42,0.5684931506849316,1.17375,0.04581439002467823,1.0875,1.2375,0.17271726190476192,0.021441515096132135,0.13949404761904763,0.2027529761904762,0.5062235567777715,0.03458230587142824,0.4590909090909091,0.5700934579439252,2.8,1.6193277068654826,1,6
2,26.1,4.817791102892602,21,35,0.4988248934953584,0.04488186117319711,0.42,0.5684931506849316,1.17375,0.04581439002467823,1.0875,1.2375,0.17271726190476192,0.021441515096132135,0.13949404761904763,0.2027529761904762,0.5062235567777715,0.03458230587142824,0.4590909090909091,0.5700934579439252,2.8,1.6193277068654826,1,6
3,26.1,4.817791102892602,21,35,0.4988248934953584,0.04488186117319711,0.42,0.5684931506849316,1.17375,0.04581439002467823,1.0875,1.2375,0.17271726190476192,0.021441515096132135,0.13949404761904763,0.2027529761904762,0.5062235567777715,0.03458230587142824,0.4590909090909091,0.5700934579439252,2.8,1.6193277068654826,1,6
4,26.1,4.817791102892602,21,35,0.4988248934953584,0.04488186117319711,0.42,0.5684931506849316,1.17375,0.04581439002467823,1.0875,1.2375,0.17271726190476192,0.021441515096132135,0.13949404761904763,0.2027529761904762,0.5062235567777715,0.03458230587142824,0.4590909090909091,0.5700934579439252,2.8,1.6193277068654826,1,6
