step,clusters_mean,clusters_std,clusters_min,clusters_max,switch_rate_mean,switch_rate_std,switch_rate_min,switch_rate_max,distance_mean,distance_std,distance_min,distance_max,mix_deviation_mean,mix_deviation_std,mix_deviation_min,mix_deviation_max,share_mean,share_std,share_min,share_max,ghetto_rate_mean,ghetto_rate_std,ghetto_rate_min,ghetto_rate_max
0,26.744444444444444,3.6305851545301393,19,35,0.5104468371062121,0.03970096110873187,0.3904109589041096,0.6025641025641025,1.1672222222222222,0.059774205811532956,1.025,1.4,0.17665875736722256,0.021483297641080694,0.12547619047619046,0.25130952380952376,0.4948565766685985,0.029650541386854638,0.43661971830985913,0.5906976744186047,3.3,2.200357478617478,0,10
1,26.744444444444444,3.6305851545301393,19,35,0.5104468371062121,0.03970096110873187,0.3904109589041096,0.6025641025641025,1.1672222222222222,0.059774205811532956,1.025,1.4,0.17665875736722256,0.021483297641080694,0.12547619047619046,0.25130952380952376,0.4948565766685985,0.029650541386854638,0.43661971830985913,0.5906976744186047,3.3,2.200357478617478,0,10
2,26.744444444444444,3.6305851545301393,19,35,0.5104468371062121,0.03970096110873187,0.3904109589041096,0.6025641025641025,1.1672222222222222,0.059774205811532956,1.025,1.4,0.17665875736722256,0.021483297641080694,0.12547619047619046,0.25130952380952376,0.4948565766685985,0.029650541386854638,0.43661971830985913,0.5906976744186047,3.3,2.200357478617478,0,10
3,26.744444444444444,3.6305851545301393,19,35,0.5104468371062121,0.03970096110873187,0.3904109589041096,0.6025641025641025,1.1672222222222222,0.059774205811532956,1.025,1.4,0.17665875736722256,0.021483297641080694,0.12547619047619046,0.25130952380952376,0.4948565766685985,0.029650541386854638,0.43661971830985913,0.5906976744186047,3.3,2.200357478617478,0,10
4,26.744444444444444,3.6305851545301393,19,35,0.5104468371062121,0.03970096110873187,0.3904109589041096,0.6025641025641025,1.1672222222222222,0.059774205811532956,1.025,1.4,0.17665875736722256,0.021483297641080694,0.12547619047619046,0.25130952380952376,0.4948565766685985,0.029650541386854638,0.43661971830985913,0.5906976744186047,3.3,2.200357478617478,0,10
