step,clusters_mean,clusters_std,clusters_min,clusters_max,switch_rate_mean,switch_rate_std,switch_rate_min,switch_rate_max,distance_mean,distance_std,distance_min,distance_max,mix_deviation_mean,mix_deviation_std,mix_deviation_min,mix_deviation_max,share_mean,share_std,share_min,share_max,ghetto_rate_mean,ghetto_rate_std,ghetto_rate_min,ghetto_rate_max
0,27.2,2.6997942308422114,23,31,0.5124578343339904,0.04337515123599512,0.4246575342465753,0.5570469798657718,1.15375,0.03007513738769765,1.1,1.1875,0.17101488095238096,0.027640354867741173,0.1397172619047619,0.23459821428571428,0.4827777618441484,0.025976572614065486,0.4418604651162791,0.5285714285714286,2.4,1.837873166945363,0,5
1,27.2,2.6997942308422114,23,31,0.5124578343339904,0.04337515123599512,0.4246575342465753,0.5570469798657718,1.15375,0.03007513738769765,1.1,1.1875,0.17101488095238096,0.027640354867741173,0.1397172619047619,0.23459821428571428,0.4827777618441484,0.025976572614065486,0.4418604651162791,0.5285714285714286,2.4,1.837873166945363,0,5
2,27.2,2.6997942308422114,23,31,0.5124578343339904,0.04337515123599512,0.4246575342465753,0.5570469798657718,1.15375,0.03007513738769765,1.1,1.1875,0.17101488095238096,0.027640354867741173,0.1397172619047619,0.23459821428571428,0.4827777618441484,0.025976572614065486,0.4418604651162791,0.5285714285714286,2.4,1.837873166945363,0,5
3,27.2,2.6997942308422114,23,31,0.5124578343339904,0.04337515123599512,0.4246575342465753,0.5570469798657718,1.15375,0.03007513738769765,1.1,1.1875,0.17101488095238096,0.027640354867741173,0.1397172619047619,0.23459821428571428,0.4827777618441484,0.025976572614065486,0.4418604651162791,0.5285714285714286,2.4,1.837873166945363,0,5
4,27.2,2.6997942308422114,23,31,0.5124578343339904,0.04337515123599512,0.4246575342465753,0.5570469798657718,1.15375,0.03007513738769765,1.1,1.1875,0.17101488095238096,0.027640354867741173,0.1397172619047619,0.23459821428571428,0.4827777618441484,0.025976572614065486,0.4418604651162791,0.5285714285714286,2.4,1.837873166945363,0,5
5,29.0,,29,29,0.5422535211267606,,0.5422535211267606,0.5422535211267606,1.15,,1.15,1.15,0.1826785714285714,,0.1826785714285714,0.1826785714285714,0.49065420560747663,,0.49065420560747663,0.49065420560747663,3.0,,3,3
