step,clusters_mean,clusters_std,clusters_min,clusters_max,switch_rate_mean,switch_rate_std,switch_rate_min,switch_rate_max,distance_mean,distance_std,distance_min,distance_max,mix_deviation_mean,mix_deviation_std,mix_deviation_min,mix_deviation_max,share_mean,share_std,share_min,share_max,ghetto_rate_mean,ghetto_rate_std,ghetto_rate_min,ghetto_rate_max
0,26.0,5.163977794943222,20,32,0.48152025156207795,0.055251736595940446,0.4166666666666667,0.5394736842105263,1.178125,0.05141234449688777,1.1125,1.2375,0.19351934523809522,0.020683012463342167,0.1763988095238095,0.2193005952380952,0.5157801085694824,0.015035352255767874,0.497737556561086,0.5333333333333333,3.75,0.49999999999999994,3,4
1,26.0,5.163977794943222,20,32,0.48152025156207795,0.055251736595940446,0.4166666666666667,0.5394736842105263,1.178125,0.05141234449688777,1.1125,1.2375,0.19351934523809522,0.020683012463342167,0.1763988095238095,0.2193005952380952,0.5157801085694824,0.015035352255767874,0.497737556561086,0.5333333333333333,3.75,0.49999999999999994,3,4
2,26.0,5.163977794943222,20,32,0.48152025156207795,0.055251736595940446,0.4166666666666667,0.5394736842105263,1.178125,0.05141234449688777,1.1125,1.2375,0.19351934523809522,0.020683012463342167,0.1763988095238095,0.2193005952380952,0.5157801085694824,0.015035352255767874,0.497737556561086,0.5333333333333333,3.75,0.49999999999999994,3,4
3,26.0,5.163977794943222,20,32,0.48152025156207795,0.055251736595940446,0.4166666666666667,0.5394736842105263,1.178125,0.05141234449688777,1.1125,1.2375,0.19351934523809522,0.020683012463342167,0.1763988095238095,0.2193005952380952,0.5157801085694824,0.015035352255767874,0.497737556561086,0.5333333333333333,3.75,0.49999999999999994,3,4
4,26.0,5.163977794943222,20,32,0.48152025156207795,0.055251736595940446,0.4166666666666667,0.5394736842105263,1.178125,0.05141234449688777,1.1125,1.2375,0.19351934523809522,0.020683012463342167,0.1763988095238095,0.2193005952380952,0.5157801085694824,0.015035352255767874,0.497737556561086,0.5333333333333333,3.75,0.49999999999999994,3,4
