step,clusters_mean,clusters_std,clusters_min,clusters_max,switch_rate_mean,switch_rate_std,switch_rate_min,switch_rate_max,distance_mean,distance_std,distance_min,distance_max,mix_deviation_mean,mix_deviation_std,mix_deviation_min,mix_deviation_max,share_mean,share_std,share_min,share_max,ghetto_rate_mean,ghetto_rate_std,ghetto_rate_min,ghetto_rate_max
0,27.1,3.178049716414142,21,31,0.5189712867607876,0.050264871037295294,0.41333333333333333,0.58,1.16,0.0644959085696311,1.1,1.275,0.16616815476190477,0.021979191014860067,0.14482142857142857,0.21366071428571426,0.485677702221186,0.033597582269815546,0.4444444444444444,0.5429864253393665,3.7,2.7507574714370344,1,9
1,27.1,3.178049716414142,21,31,0.5189712867607876,0.050264871037295294,0.41333333333333333,0.58,1.16,0.0644959085696311,1.1,1.275,0.16616815476190477,0.021979191014860067,0.14482142857142857,0.21366071428571426,0.485677702221186,0.033597582269815546,0.4444444444444444,0.5429864253393665,3.7,2.7507574714370344,1,9
2,27.1,3.178049716414142,21,31,0.5189712867607876,0.050264871037295294,0.41333333333333333,0.58,1.16,0.0644959085696311,1.1,1.275,0.16616815476190477,0.021979191014860067,0.14482142857142857,0.21366071428571426,0.485677702221186,0.033597582269815546,0.4444444444444444,0.5429864253393665,3.7,2.7507574714370344,1,9
3,27.1,3.178049716414142,21,31,0.5189712867607876,0.050264871037295294,0.41333333333333333,0.58,1.16,0.0644959085696311,1.1,1.275,0.16616815476190477,0.021979191014860067,0.14482142857142857,0.21366071428571426,0.485677702221186,0.033597582269815546,0.4444444444444444,0.5429864253393665,3.7,2.7507574714370344,1,9
4,27.1,3.178049716414142,21,31,0.5189712867607876,0.050264871037295294,0.41333333333333333,0.58,1.16,0.0644959085696311,1.1,1.275,0.16616815476190477,0.021979191014860067,0.14482142857142857,0.21366071428571426,0.485677702221186,0.033597582269815546,0.4444444444444444,0.5429864253393665,3.7,2.7507574714370344,1,9
5,31.0,,31,31,0.5064102564102564,,0.5064102564102564,0.5064102564102564,1.125,,1.125,1.125,0.16361607142857143,,0.16361607142857143,0.16361607142857143,0.4444444444444444,,0.4444444444444444,0.4444444444444444,4.0,,4,4
