step,clusters_mean,clusters_std,clusters_min,clusters_max,switch_rate_mean,switch_rate_std,switch_rate_min,switch_rate_max,distance_mean,distance_std,distance_min,distance_max,mix_deviation_mean,mix_deviation_std,mix_deviation_min,mix_deviation_max,share_mean,share_std,share_min,share_max,ghetto_rate_mean,ghetto_rate_std,ghetto_rate_min,ghetto_rate_max
0,25.9,2.9608557321603275,22,31,0.4903803915597206,0.05242827615844376,0.4057971014492754,0.5957446808510638,1.19875,0.03972562145517677,1.15,1.275,0.18648280213984325,0.015689107930995882,0.1556994047619047,0.2042113095238095,0.5125174665167164,0.02600617547912712,0.4786729857819905,0.5514018691588785,4.4,2.7968235951204043,0,10
1,25.8,2.7808871486152276,22,30,0.490105881755799,0.05253452935150588,0.4057971014492754,0.5957446808510638,1.2012500000000002,0.03701069665200407,1.1625,1.275,0.18717030213984326,0.015449819102095546,0.1556994047619047,0.2042113095238095,0.5127983160866654,0.025612247924154223,0.4811320754716981,0.5514018691588785,4.5,2.798809270624444,0,10
2,25.8,2.7808871486152276,22,30,0.490105881755799,0.05253452935150588,0.4057971014492754,0.5957446808510638,1.2012500000000002,0.03701069665200407,1.1625,1.275,0.18717030213984326,0.015449819102095546,0.1556994047619047,0.2042113095238095,0.5127983160866654,0.025612247924154223,0.4811320754716981,0.5514018691588785,4.5,2.798809270624444,0,10
3,25.8,2.7808871486152276,22,30,0.490105881755799,0.05253452935150588,0.4057971014492754,0.5957446808510638,1.2012500000000002,0.03701069665200407,1.1625,1.275,0.18717030213984326,0.015449819102095546,0.1556994047619047,0.2042113095238095,0.5127983160866654,0.025612247924154223,0.4811320754716981,0.5514018691588785,4.5,2.798809270624444,0,10
4,25.8,2.7808871486152276,22,30,0.490105881755799,0.05253452935150588,0.4057971014492754,0.5957446808510638,1.2012500000000002,0.03701069665200407,1.1625,1.275,0.18717030213984326,0.015449819102095546,0.1556994047619047,0.2042113095238095,0.5127983160866654,0.025612247924154223,0.4811320754716981,0.5514018691588785,4.5,2.798809270624444,0,10
5,30.0,,30,30,0.4705882352941176,,0.4705882352941176,0.4705882352941176,1.175,,1.175,1.175,0.1853869047619047,,0.1853869047619047,0.1853869047619047,0.4814814814814814,,0.4814814814814814,0.4814814814814814,5.0,,5,5
6,30.0,,30,30,0.4705882352941176,,0.4705882352941176,0.4705882352941176,1.175,,1.175,1.175,0.1853869047619047,,0.1853869047619047,0.1853869047619047,0.4814814814814814,,0.4814814814814814,0.4814814814814814,5.0,,5,5
