{
  "0.0": {
    "convergence_rate": 1.0,
    "avg_steps": 6.6,
    "avg_segregation": 0.3463773357444243,
    "std_segregation": 0.01639795963265437,
    "n_runs": 5,
    "segregation_values": [
      0.3640295358649789,
      0.3649255952380952,
      0.3224255952380952,
      0.33577380952380953,
      0.3447321428571429
    ]
  },
  "0.1": {
    "convergence_rate": 0.0,
    "avg_steps": Infinity,
    "avg_segregation": 0.43276561413270276,
    "std_segregation": 0.00840773369266952,
    "n_runs": 5,
    "segregation_values": [
      0.4269047619047619,
      0.4270343580470163,
      0.438568376068376,
      0.42480158730158735,
      0.4465189873417722
    ]
  },
  "0.2": {
    "convergence_rate": 0.0,
    "avg_steps": Infinity,
    "avg_segregation": 0.43329464285714286,
    "std_segregation": 0.007202808920775748,
    "n_runs": 5,
    "segregation_values": [
      0.438125,
      0.4248214285714285,
      0.42541666666666667,
      0.4432886904761905,
      0.4348214285714286
    ]
  },
  "0.3": {
    "convergence_rate": 0.0,
    "avg_steps": Infinity,
    "avg_segregation": 0.34608333333333335,
    "std_segregation": 0.05119741128272167,
    "n_runs": 5,
    "segregation_values": [
      0.4121577380952381,
      0.40459821428571435,
      0.2953125,
      0.3118005952380952,
      0.30654761904761907
    ]
  }
}