{
  "0.0": {
    "convergence_rate": 1.0,
    "avg_steps": 7.08,
    "avg_segregation": 0.37043686641242024,
    "std_segregation": 0.030118787132956966,
    "n_runs": 50,
    "segregation_values": [
      0.39841772151898736,
      0.36577380952380956,
      0.3646021699819168,
      0.3209821428571428,
      0.373764880952381,
      0.41229166666666667,
      0.3764466546112116,
      0.40577380952380954,
      0.4364583333333334,
      0.3453422619047619,
      0.33032738095238096,
      0.3538988095238095,
      0.4083333333333334,
      0.4314407814407814,
      0.374789029535865,
      0.3818601190476191,
      0.41328869047619043,
      0.30125,
      0.3782738095238095,
      0.3491711874623267,
      0.37062989752863174,
      0.3595833333333333,
      0.3770833333333333,
      0.31642857142857145,
      0.3883062085593732,
      0.3848809523809524,
      0.3659226190476191,
      0.3421187462326703,
      0.3729613095238095,
      0.3845991561181435,
      0.3561181434599157,
      0.3437351190476191,
      0.3531398809523809,
      0.36464285714285716,
      0.3882589285714285,
      0.4187462326702833,
      0.35751488095238093,
      0.3463392857142857,
      0.3772767857142857,
      0.418125,
      0.3736437613019892,
      0.3896726190476191,
      0.31974080771549124,
      0.32578869047619047,
      0.39279761904761906,
      0.3794642857142857,
      0.35647321428571427,
      0.3410638939119952,
      0.39452380952380955,
      0.3397767857142857
    ]
  },
  "0.05": {
    "convergence_rate": 0.98,
    "avg_steps": 132.48979591836735,
    "avg_segregation": 0.4380514250166149,
    "std_segregation": 0.015214089812531636,
    "n_runs": 50,
    "segregation_values": [
      0.4597347799879446,
      0.4642857142857143,
      0.4112115732368897,
      0.43681318681318676,
      0.44752863170584684,
      0.42917420132610007,
      0.4477094635322484,
      0.44454490657022305,
      0.4420584689572032,
      0.4116964285714285,
      0.41817359855334535,
      0.4232753357753358,
      0.44073236889692585,
      0.4474969474969475,
      0.43839285714285714,
      0.44449404761904765,
      0.4412296564195299,
      0.441875,
      0.4520833333333333,
      0.4576190476190476,
      0.44534358047016276,
      0.43392857142857144,
      0.4196051838456902,
      0.4413803496081977,
      0.4251054852320674,
      0.440952380952381,
      0.4295238095238096,
      0.41806811332127786,
      0.4272151898734177,
      0.4555455093429777,
      0.42374999999999996,
      0.439873417721519,
      0.4508630952380953,
      0.42565476190476187,
      0.4590114526823387,
      0.4539072039072039,
      0.4447257383966244,
      0.45117540687160934,
      0.39972875226039783,
      0.42645833333333333,
      0.4077678571428572,
      0.4123214285714286,
      0.4494273658830621,
      0.45357142857142857,
      0.4571123321123321,
      0.4446955997588909,
      0.44201326100060273,
      0.4416964285714286,
      0.45497023809523807,
      0.42704942736588314
    ]
  },
  "0.1": {
    "convergence_rate": 0.02,
    "avg_steps": 30.0,
    "avg_segregation": 0.43803220801701803,
    "std_segregation": 0.015772006097321198,
    "n_runs": 50,
    "segregation_values": [
      0.4337148962148963,
      0.4488396624472574,
      0.43693452380952386,
      0.44454490657022305,
      0.42673297166968055,
      0.44367559523809524,
      0.42964285714285716,
      0.4577083333333333,
      0.4180505952380953,
      0.4488095238095238,
      0.4504464285714286,
      0.45555059523809527,
      0.4593128390596745,
      0.44773809523809527,
      0.43340773809523814,
      0.44752863170584684,
      0.44627976190476193,
      0.45360119047619046,
      0.4443154761904761,
      0.4458630952380952,
      0.4080803571428572,
      0.4642857142857143,
      0.4481845238095238,
      0.4502164502164502,
      0.43735119047619053,
      0.4431886678722121,
      0.41882440476190474,
      0.44473214285714285,
      0.44450892857142854,
      0.4223595848595849,
      0.438125,
      0.43898809523809523,
      0.4465327380952381,
      0.39421338155515373,
      0.4249246534056661,
      0.42371910789632306,
      0.44722724532851116,
      0.43169642857142865,
      0.42782738095238093,
      0.4434821428571428,
      0.4338541666666667,
      0.395625,
      0.4377232142857143,
      0.4550595238095238,
      0.4402827380952381,
      0.4552083333333334,
      0.4092676311030741,
      0.45282738095238084,
      0.4429626280892104,
      0.4076339285714286
    ]
  },
  "0.15": {
    "convergence_rate": 0.0,
    "avg_steps": Infinity,
    "avg_segregation": 0.4305912597950573,
    "std_segregation": 0.016255561896561372,
    "n_runs": 50,
    "segregation_values": [
      0.4211607142857143,
      0.43499999999999994,
      0.4456547619047619,
      0.45215491259795054,
      0.4357738095238095,
      0.4263839285714285,
      0.44002411091018684,
      0.4029761904761905,
      0.4458630952380952,
      0.43059523809523803,
      0.44642857142857145,
      0.43283604581072943,
      0.44038690476190484,
      0.4158981314044605,
      0.441264880952381,
      0.41656118143459914,
      0.42912202380952386,
      0.44243520192887276,
      0.44270644966847494,
      0.44933035714285713,
      0.40544642857142854,
      0.42879464285714286,
      0.4552083333333333,
      0.43147321428571433,
      0.4338839285714286,
      0.4344047619047619,
      0.4229166666666666,
      0.4302380952380952,
      0.3811309523809524,
      0.37857142857142856,
      0.4536458333333334,
      0.43839285714285714,
      0.4269047619047619,
      0.4340178571428572,
      0.44106389391199513,
      0.42321428571428577,
      0.4354166666666666,
      0.3962053571428571,
      0.43117559523809523,
      0.4345991561181434,
      0.4348101265822786,
      0.42833031946955996,
      0.4406994047619047,
      0.4232589285714285,
      0.42842261904761897,
      0.4373719107896324,
      0.40583333333333327,
      0.4498191681735986,
      0.43839285714285714,
      0.43336309523809524
    ]
  },
  "0.2": {
    "convergence_rate": 0.0,
    "avg_steps": Infinity,
    "avg_segregation": 0.4239933318264014,
    "std_segregation": 0.014772676463748522,
    "n_runs": 50,
    "segregation_values": [
      0.4353720238095238,
      0.4459375,
      0.3978125,
      0.4356696428571428,
      0.41163690476190473,
      0.4386755952380953,
      0.4338839285714286,
      0.42633928571428575,
      0.4291666666666666,
      0.4281398809523809,
      0.4354166666666666,
      0.42056547619047613,
      0.4218053044002411,
      0.4225297619047619,
      0.44193452380952375,
      0.42854166666666665,
      0.4021875,
      0.4070982142857143,
      0.42704942736588314,
      0.4196130952380953,
      0.42258890898131407,
      0.42705357142857137,
      0.4112946428571428,
      0.4362797619047619,
      0.4315178571428572,
      0.38019345238095237,
      0.4311332127787824,
      0.4219642857142857,
      0.42513392857142857,
      0.41151785714285716,
      0.433212778782399,
      0.4180059523809524,
      0.4344196428571429,
      0.4532589285714286,
      0.43125,
      0.43396624472573836,
      0.43489583333333337,
      0.4197619047619048,
      0.37453869047619043,
      0.4258630952380952,
      0.40647321428571426,
      0.4154613095238095,
      0.42666666666666675,
      0.42750000000000005,
      0.4290178571428571,
      0.42437500000000006,
      0.44177083333333333,
      0.40093750000000006,
      0.4301785714285714,
      0.43005952380952384
    ]
  },
  "0.25": {
    "convergence_rate": 0.0,
    "avg_steps": Infinity,
    "avg_segregation": 0.40669857594936715,
    "std_segregation": 0.018390506865176955,
    "n_runs": 50,