step,clusters_mean,clusters_std,clusters_min,clusters_max,switch_rate_mean,switch_rate_std,switch_rate_min,switch_rate_max,distance_mean,distance_std,distance_min,distance_max,mix_deviation_mean,mix_deviation_std,mix_deviation_min,mix_deviation_max,share_mean,share_std,share_min,share_max,ghetto_rate_mean,ghetto_rate_std,ghetto_rate_min,ghetto_rate_max
0,27.355555555555554,4.378987392853119,15,37,0.5053324639838729,0.03941610428800105,0.3961038961038961,0.6099290780141844,1.1631944444444444,0.05819020026594904,1.05,1.3625,0.17307276806643893,0.01965860897473123,0.1242708333333333,0.2165922619047618,0.48905215000019153,0.02962611122317681,0.4343891402714932,0.5571428571428572,2.7444444444444445,1.986251119097194,0,9
1,27.355555555555554,4.378987392853119,15,37,0.5053324639838729,0.03941610428800105,0.3961038961038961,0.6099290780141844,1.1631944444444444,0.05819020026594904,1.05,1.3625,0.17307276806643893,0.01965860897473123,0.1242708333333333,0.2165922619047618,0.48905215000019153,0.02962611122317681,0.4343891402714932,0.5571428571428572,2.7444444444444445,1.986251119097194,0,9
2,27.355555555555554,4.378987392853119,15,37,0.5053324639838729,0.03941610428800105,0.3961038961038961,0.6099290780141844,1.1631944444444444,0.05819020026594904,1.05,1.3625,0.17307276806643893,0.01965860897473123,0.1242708333333333,0.2165922619047618,0.48905215000019153,0.02962611122317681,0.4343891402714932,0.5571428571428572,2.7444444444444445,1.986251119097194,0,9
3,27.355555555555554,4.378987392853119,15,37,0.5053324639838729,0.03941610428800105,0.3961038961038961,0.6099290780141844,1.1631944444444444,0.05819020026594904,1.05,1.3625,0.17307276806643893,0.01965860897473123,0.1242708333333333,0.2165922619047618,0.48905215000019153,0.02962611122317681,0.4343891402714932,0.5571428571428572,2.7444444444444445,1.986251119097194,0,9
4,27.355555555555554,4.378987392853119,15,37,0.5053324639838729,0.03941610428800105,0.3961038961038961,0.6099290780141844,1.1631944444444444,0.05819020026594904,1.05,1.3625,0.17307276806643893,0.01965860897473123,0.1242708333333333,0.2165922619047618,0.48905215000019153,0.02962611122317681,0.4343891402714932,0.5571428571428572,2.7444444444444445,1.986251119097194,0,9
