step,clusters_mean,clusters_std,clusters_min,clusters_max,switch_rate_mean,switch_rate_std,switch_rate_min,switch_rate_max,distance_mean,distance_std,distance_min,distance_max,mix_deviation_mean,mix_deviation_std,mix_deviation_min,mix_deviation_max,share_mean,share_std,share_min,share_max,ghetto_rate_mean,ghetto_rate_std,ghetto_rate_min,ghetto_rate_max
0,26.7,3.433495141818157,22,32,0.511795875178628,0.03620959394290788,0.4545454545454545,0.577922077922078,1.155,0.04297932319409211,1.1,1.25,0.16544345238095234,0.021091819062119946,0.1396279761904761,0.2050446428571428,0.47890905953326585,0.037033683466607785,0.4305555555555556,0.5324074074074074,2.3,2.2135943621178655,0,7
1,26.7,3.433495141818157,22,32,0.511795875178628,0.03620959394290788,0.4545454545454545,0.577922077922078,1.155,0.04297932319409211,1.1,1.25,0.16544345238095234,0.021091819062119946,0.1396279761904761,0.2050446428571428,0.47890905953326585,0.037033683466607785,0.4305555555555556,0.5324074074074074,2.3,2.2135943621178655,0,7
2,26.7,3.433495141818157,22,32,0.511795875178628,0.03620959394290788,0.4545454545454545,0.577922077922078,1.155,0.04297932319409211,1.1,1.25,0.16544345238095234,0.021091819062119946,0.1396279761904761,0.2050446428571428,0.47890905953326585,0.037033683466607785,0.4305555555555556,0.5324074074074074,2.3,2.2135943621178655,0,7
3,26.7,3.433495141818157,22,32,0.511795875178628,0.03620959394290788,0.4545454545454545,0.577922077922078,1.155,0.04297932319409211,1.1,1.25,0.16544345238095234,0.021091819062119946,0.1396279761904761,0.2050446428571428,0.47890905953326585,0.037033683466607785,0.4305555555555556,0.5324074074074074,2.3,2.2135943621178655,0,7
4,26.7,3.433495141818157,22,32,0.511795875178628,0.03620959394290788,0.4545454545454545,0.577922077922078,1.155,0.04297932319409211,1.1,1.25,0.16544345238095234,0.021091819062119946,0.1396279761904761,0.2050446428571428,0.47890905953326585,0.037033683466607785,0.4305555555555556,0.5324074074074074,2.3,2.2135943621178655,0,7
