step,clusters_mean,clusters_std,clusters_min,clusters_max,switch_rate_mean,switch_rate_std,switch_rate_min,switch_rate_max,distance_mean,distance_std,distance_min,distance_max,mix_deviation_mean,mix_deviation_std,mix_deviation_min,mix_deviation_max,share_mean,share_std,share_min,share_max,ghetto_rate_mean,ghetto_rate_std,ghetto_rate_min,ghetto_rate_max
0,28.01,4.489032650963249,15,47,0.5056817526603123,0.044924619272167704,0.35135135135135137,0.6418918918918919,1.1545,0.05275012566407546,1.05,1.35,0.17098126506931888,0.01937666412188287,0.1354315476190476,0.22452380952380951,0.487100290321995,0.030712687367715617,0.4298245614035088,0.5844748858447488,2.65,1.8167292177165675,0,8
1,28.01,4.489032650963249,15,47,0.5056817526603123,0.044924619272167704,0.35135135135135137,0.6418918918918919,1.1545,0.05275012566407546,1.05,1.35,0.17098126506931888,0.01937666412188287,0.1354315476190476,0.22452380952380951,0.487100290321995,0.030712687367715617,0.4298245614035088,0.5844748858447488,2.65,1.8167292177165675,0,8
2,28.01,4.489032650963249,15,47,0.5056817526603123,0.044924619272167704,0.35135135135135137,0.6418918918918919,1.1545,0.05275012566407546,1.05,1.35,0.17098126506931888,0.01937666412188287,0.1354315476190476,0.22452380952380951,0.487100290321995,0.030712687367715617,0.4298245614035088,0.5844748858447488,2.65,1.8167292177165675,0,8
3,28.01,4.489032650963249,15,47,0.5056817526603123,0.044924619272167704,0.35135135135135137,0.6418918918918919,1.1545,0.05275012566407546,1.05,1.35,0.17098126506931888,0.01937666412188287,0.1354315476190476,0.22452380952380951,0.487100290321995,0.030712687367715617,0.4298245614035088,0.5844748858447488,2.65,1.8167292177165675,0,8
4,28.01,4.489032650963249,15,47,0.5056817526603123,0.044924619272167704,0.35135135135135137,0.6418918918918919,1.1545,0.05275012566407546,1.05,1.35,0.17098126506931888,0.01937666412188287,0.1354315476190476,0.22452380952380951,0.487100290321995,0.030712687367715617,0.4298245614035088,0.5844748858447488,2.65,1.8167292177165675,0,8
