step,clusters_mean,clusters_std,clusters_min,clusters_max,switch_rate_mean,switch_rate_std,switch_rate_min,switch_rate_max,distance_mean,distance_std,distance_min,distance_max,mix_deviation_mean,mix_deviation_std,mix_deviation_min,mix_deviation_max,share_mean,share_std,share_min,share_max,ghetto_rate_mean,ghetto_rate_std,ghetto_rate_min,ghetto_rate_max
0,26.711111111111112,4.373681360044534,15,37,0.5065945122553732,0.03733112455820664,0.4228187919463087,0.581081081081081,1.1691666666666667,0.055970748780958146,1.0625,1.35,0.17186902041055524,0.019232411966255154,0.12735119047619045,0.22232142857142856,0.49353080479860245,0.03134413569790967,0.4372093023255814,0.5818181818181818,2.9555555555555557,2.426034407488299,0,11
1,26.711111111111112,4.373681360044534,15,37,0.5065945122553732,0.03733112455820664,0.4228187919463087,0.581081081081081,1.1691666666666667,0.055970748780958146,1.0625,1.35,0.17186902041055524,0.019232411966255154,0.12735119047619045,0.22232142857142856,0.49353080479860245,0.03134413569790967,0.4372093023255814,0.5818181818181818,2.9555555555555557,2.426034407488299,0,11
2,26.711111111111112,4.373681360044534,15,37,0.5065945122553732,0.03733112455820664,0.4228187919463087,0.581081081081081,1.1691666666666667,0.055970748780958146,1.0625,1.35,0.17186902041055524,0.019232411966255154,0.12735119047619045,0.22232142857142856,0.49353080479860245,0.03134413569790967,0.4372093023255814,0.5818181818181818,2.9555555555555557,2.426034407488299,0,11
3,26.711111111111112,4.373681360044534,15,37,0.5065945122553732,0.03733112455820664,0.4228187919463087,0.581081081081081,1.1691666666666667,0.055970748780958146,1.0625,1.35,0.17186902041055524,0.019232411966255154,0.12735119047619045,0.22232142857142856,0.49353080479860245,0.03134413569790967,0.4372093023255814,0.5818181818181818,2.9555555555555557,2.426034407488299,0,11
4,26.711111111111112,4.373681360044534,15,37,0.5065945122553732,0.03733112455820664,0.4228187919463087,0.581081081081081,1.1691666666666667,0.055970748780958146,1.0625,1.35,0.17186902041055524,0.019232411966255154,0.12735119047619045,0.22232142857142856,0.49353080479860245,0.03134413569790967,0.4372093023255814,0.5818181818181818,2.9555555555555557,2.426034407488299,0,11
