step,clusters_mean,clusters_std,clusters_min,clusters_max,switch_rate_mean,switch_rate_std,switch_rate_min,switch_rate_max,distance_mean,distance_std,distance_min,distance_max,mix_deviation_mean,mix_deviation_std,mix_deviation_min,mix_deviation_max,share_mean,share_std,share_min,share_max,ghetto_rate_mean,ghetto_rate_std,ghetto_rate_min,ghetto_rate_max
0,25.1,4.0400770069668495,20,31,0.5112847485510481,0.01963449722420714,0.4743589743589743,0.5341614906832298,1.1637499999999998,0.048034275956515333,1.1,1.25,0.17686011904761903,0.01771752629195943,0.1577380952380952,0.2149255952380952,0.49599999776618003,0.03724210529492968,0.4497816593886463,0.5633187772925764,2.7,1.4944341180973264,1,5
1,25.1,4.0400770069668495,20,31,0.5112847485510481,0.01963449722420714,0.4743589743589743,0.5341614906832298,1.1637499999999998,0.048034275956515333,1.1,1.25,0.17686011904761903,0.01771752629195943,0.1577380952380952,0.2149255952380952,0.49599999776618003,0.03724210529492968,0.4497816593886463,0.5633187772925764,2.7,1.4944341180973264,1,5
2,25.1,4.0400770069668495,20,31,0.5112847485510481,0.01963449722420714,0.4743589743589743,0.5341614906832298,1.1637499999999998,0.048034275956515333,1.1,1.25,0.17686011904761903,0.01771752629195943,0.1577380952380952,0.2149255952380952,0.49599999776618003,0.03724210529492968,0.4497816593886463,0.5633187772925764,2.7,1.4944341180973264,1,5
3,25.1,4.0400770069668495,20,31,0.5112847485510481,0.01963449722420714,0.4743589743589743,0.5341614906832298,1.1637499999999998,0.048034275956515333,1.1,1.25,0.17686011904761903,0.01771752629195943,0.1577380952380952,0.2149255952380952,0.49599999776618003,0.03724210529492968,0.4497816593886463,0.5633187772925764,2.7,1.4944341180973264,1,5
4,25.1,4.0400770069668495,20,31,0.5112847485510481,0.01963449722420714,0.4743589743589743,0.5341614906832298,1.1637499999999998,0.048034275956515333,1.1,1.25,0.17686011904761903,0.01771752629195943,0.1577380952380952,0.2149255952380952,0.49599999776618003,0.03724210529492968,0.4497816593886463,0.5633187772925764,2.7,1.4944341180973264,1,5
