step,clusters_mean,clusters_std,clusters_min,clusters_max,switch_rate_mean,switch_rate_std,switch_rate_min,switch_rate_max,distance_mean,distance_std,distance_min,distance_max,mix_deviation_mean,mix_deviation_std,mix_deviation_min,mix_deviation_max,share_mean,share_std,share_min,share_max,ghetto_rate_mean,ghetto_rate_std,ghetto_rate_min,ghetto_rate_max
0,24.3,3.9454615277134146,16,30,0.49199465177478763,0.026923692464618523,0.45454545454545453,0.5328947368421053,1.21125,0.0602223887861576,1.125,1.325,0.1893894853827607,0.02044594681171777,0.16638392857142856,0.2342113095238095,0.5202693805725362,0.029703190999198804,0.4782608695652174,0.5772727272727273,5.4,2.6331223544175333,3,11
1,24.3,3.9454615277134146,16,30,0.49199465177478763,0.026923692464618523,0.45454545454545453,0.5328947368421053,1.21125,0.0602223887861576,1.125,1.325,0.1893894853827607,0.02044594681171777,0.16638392857142856,0.2342113095238095,0.5202693805725362,0.029703190999198804,0.4782608695652174,0.5772727272727273,5.4,2.6331223544175333,3,11
2,24.3,3.9454615277134146,16,30,0.49199465177478763,0.026923692464618523,0.45454545454545453,0.5328947368421053,1.21125,0.0602223887861576,1.125,1.325,0.1893894853827607,0.02044594681171777,0.16638392857142856,0.2342113095238095,0.5202693805725362,0.029703190999198804,0.4782608695652174,0.5772727272727273,5.4,2.6331223544175333,3,11
3,24.3,3.9454615277134146,16,30,0.49199465177478763,0.026923692464618523,0.45454545454545453,0.5328947368421053,1.21125,0.0602223887861576,1.125,1.325,0.1893894853827607,0.02044594681171777,0.16638392857142856,0.2342113095238095,0.5202693805725362,0.029703190999198804,0.4782608695652174,0.5772727272727273,5.4,2.6331223544175333,3,11
4,24.3,3.9454615277134146,16,30,0.49199465177478763,0.026923692464618523,0.45454545454545453,0.5328947368421053,1.21125,0.0602223887861576,1.125,1.325,0.1893894853827607,0.02044594681171777,0.16638392857142856,0.2342113095238095,0.5202693805725362,0.029703190999198804,0.4782608695652174,0.5772727272727273,5.4,2.6331223544175333,3,11
