step,clusters_mean,clusters_std,clusters_min,clusters_max,switch_rate_mean,switch_rate_std,switch_rate_min,switch_rate_max,distance_mean,distance_std,distance_min,distance_max,mix_deviation_mean,mix_deviation_std,mix_deviation_min,mix_deviation_max,share_mean,share_std,share_min,share_max,ghetto_rate_mean,ghetto_rate_std,ghetto_rate_min,ghetto_rate_max
0,27.162790697674417,3.949267884844658,18,37,0.5032344321781593,0.043284435573199664,0.4,0.6026490066225165,1.1738372093023257,0.050206481996584215,1.0875,1.325,0.17622463185303555,0.018776665887485115,0.1370535714285714,0.2354017857142857,0.5007090852823574,0.032853238722280076,0.4428571428571428,0.6048780487804878,3.2093023255813953,2.1094536737367777,0,10
1,27.162790697674417,3.949267884844658,18,37,0.5032344321781593,0.043284435573199664,0.4,0.6026490066225165,1.1738372093023257,0.050206481996584215,1.0875,1.325,0.17622463185303555,0.018776665887485115,0.1370535714285714,0.2354017857142857,0.5007090852823574,0.032853238722280076,0.4428571428571428,0.6048780487804878,3.2093023255813953,2.1094536737367777,0,10
2,26.938271604938272,3.7991633256953623,18,37,0.5043126374358975,0.04226562139417455,0.4,0.6026490066225165,1.1757716049382716,0.050441243627035844,1.0875,1.325,0.17726675345478085,0.018623181724159367,0.1370535714285714,0.2354017857142857,0.5019847883963767,0.032720743535535925,0.4428571428571428,0.6048780487804878,3.259259259259259,2.090321612681753,0,10
3,26.938271604938272,3.7991633256953623,18,37,0.5043126374358975,0.04226562139417455,0.4,0.6026490066225165,1.1757716049382716,0.050441243627035844,1.0875,1.325,0.17726675345478085,0.018623181724159367,0.1370535714285714,0.2354017857142857,0.5019847883963767,0.032720743535535925,0.4428571428571428,0.6048780487804878,3.259259259259259,2.090321612681753,0,10
4,26.938271604938272,3.7991633256953623,18,37,0.5043126374358975,0.04226562139417455,0.4,0.6026490066225165,1.1757716049382716,0.050441243627035844,1.0875,1.325,0.17726675345478085,0.018623181724159367,0.1370535714285714,0.2354017857142857,0.5019847883963767,0.032720743535535925,0.4428571428571428,0.6048780487804878,3.259259259259259,2.090321612681753,0,10
